bundesland,gemeindeschluessel,anzahl_meldebereiche,faelle_covid_aktuell,faelle_covid_aktuell_beatmet,anzahl_standorte,betten_frei,betten_belegt,daten_stand
1.0,1001.0,2.0,0.0,0.0,2.0,41.0,41.0,2020-04-29 09:15:00
1.0,1002.0,4.0,4.0,2.0,3.0,101.0,115.0,2020-04-29 09:15:00
1.0,1003.0,2.0,5.0,5.0,2.0,115.0,108.0,2020-04-29 09:15:00
1.0,1004.0,1.0,1.0,1.0,1.0,18.0,20.0,2020-04-29 09:15:00
1.0,1051.0,1.0,3.0,1.0,1.0,49.0,26.0,2020-04-29 09:15:00
1.0,1053.0,2.0,1.0,1.0,2.0,8.0,10.0,2020-04-29 09:15:00
1.0,1054.0,3.0,0.0,0.0,3.0,18.0,26.0,2020-04-29 09:15:00
1.0,1055.0,3.0,0.0,0.0,3.0,28.0,24.0,2020-04-29 09:15:00
1.0,1056.0,2.0,5.0,5.0,2.0,10.0,27.0,2020-04-29 09:15:00
1.0,1057.0,1.0,2.0,1.0,1.0,4.0,8.0,2020-04-29 09:15:00
1.0,1058.0,2.0,3.0,3.0,2.0,18.0,24.0,2020-04-29 09:15:00
1.0,1059.0,1.0,0.0,0.0,1.0,9.0,15.0,2020-04-29 09:15:00
1.0,1060.0,4.0,1.0,0.0,4.0,59.0,73.0,2020-04-29 09:15:00
1.0,1061.0,1.0,0.0,0.0,1.0,16.0,24.0,2020-04-29 09:15:00
1.0,1062.0,3.0,0.0,0.0,3.0,23.0,37.0,2020-04-29 09:15:00
2.0,2000.0,28.0,79.0,67.0,24.0,416.0,562.0,2020-04-29 09:15:00
3.0,3101.0,5.0,6.0,5.0,5.0,55.0,93.0,2020-04-29 09:15:00
3.0,3102.0,2.0,0.0,0.0,2.0,5.0,22.0,2020-04-29 09:15:00
3.0,3103.0,1.0,0.0,0.0,1.0,29.0,19.0,2020-04-29 09:15:00
3.0,3151.0,2.0,0.0,0.0,2.0,10.0,10.0,2020-04-29 09:15:00
3.0,3153.0,3.0,9.0,7.0,3.0,30.0,44.0,2020-04-29 09:15:00
3.0,3154.0,1.0,4.0,1.0,1.0,16.0,18.0,2020-04-29 09:15:00
3.0,3155.0,2.0,2.0,2.0,2.0,13.0,10.0,2020-04-29 09:15:00
3.0,3157.0,1.0,3.0,1.0,1.0,4.0,18.0,2020-04-29 09:15:00
3.0,3158.0,1.0,4.0,4.0,1.0,5.0,11.0,2020-04-29 09:15:00
3.0,3159.0,7.0,20.0,9.0,7.0,59.0,134.0,2020-04-29 09:15:00
3.0,3241.0,16.0,35.0,26.0,16.0,166.0,345.0,2020-04-29 09:15:00
3.0,3251.0,3.0,2.0,1.0,3.0,13.0,5.0,2020-04-29 09:15:00
3.0,3252.0,4.0,3.0,2.0,4.0,21.0,54.0,2020-04-29 09:15:00
3.0,3254.0,5.0,8.0,4.0,4.0,52.0,58.0,2020-04-29 09:15:00
3.0,3255.0,1.0,0.0,0.0,1.0,3.0,11.0,2020-04-29 09:15:00
3.0,3256.0,1.0,0.0,0.0,1.0,16.0,18.0,2020-04-29 09:15:00
3.0,3257.0,1.0,2.0,0.0,1.0,0.0,23.0,2020-04-29 09:15:00
3.0,3351.0,3.0,2.0,0.0,1.0,21.0,26.0,2020-04-29 09:15:00
3.0,3352.0,2.0,1.0,0.0,2.0,9.0,9.0,2020-04-29 09:15:00
3.0,3353.0,3.0,4.0,3.0,3.0,31.0,33.0,2020-04-29 09:15:00
3.0,3354.0,1.0,0.0,0.0,1.0,20.0,5.0,2020-04-29 09:15:00
3.0,3355.0,2.0,0.0,0.0,2.0,20.0,23.0,2020-04-29 09:15:00
3.0,3356.0,2.0,0.0,0.0,2.0,8.0,8.0,2020-04-29 09:15:00
3.0,3357.0,3.0,2.0,2.0,2.0,14.0,25.0,2020-04-29 09:15:00
3.0,3358.0,3.0,1.0,1.0,3.0,17.0,25.0,2020-04-29 09:15:00
3.0,3359.0,3.0,0.0,0.0,2.0,17.0,24.0,2020-04-29 09:15:00
3.0,3360.0,2.0,2.0,1.0,2.0,23.0,5.0,2020-04-29 09:15:00
3.0,3361.0,2.0,0.0,0.0,2.0,8.0,9.0,2020-04-29 09:15:00
3.0,3401.0,1.0,2.0,2.0,1.0,14.0,13.0,2020-04-29 09:15:00
3.0,3402.0,1.0,1.0,0.0,1.0,12.0,9.0,2020-04-29 09:15:00
3.0,3403.0,4.0,9.0,7.0,3.0,116.0,81.0,2020-04-29 09:15:00
3.0,3404.0,4.0,8.0,8.0,4.0,92.0,64.0,2020-04-29 09:15:00
3.0,3405.0,1.0,0.0,0.0,1.0,5.0,28.0,2020-04-29 09:15:00
3.0,3451.0,3.0,3.0,3.0,2.0,11.0,29.0,2020-04-29 09:15:00
3.0,3452.0,3.0,0.0,0.0,3.0,20.0,22.0,2020-04-29 09:15:00
3.0,3453.0,3.0,0.0,0.0,3.0,19.0,29.0,2020-04-29 09:15:00
3.0,3454.0,6.0,6.0,4.0,6.0,44.0,67.0,2020-04-29 09:15:00
3.0,3455.0,2.0,1.0,0.0,2.0,12.0,6.0,2020-04-29 09:15:00
3.0,3456.0,1.0,4.0,4.0,1.0,13.0,17.0,2020-04-29 09:15:00
3.0,3457.0,3.0,1.0,0.0,2.0,21.0,22.0,2020-04-29 09:15:00
3.0,3458.0,1.0,1.0,1.0,1.0,8.0,7.0,2020-04-29 09:15:00
3.0,3459.0,8.0,0.0,0.0,7.0,72.0,70.0,2020-04-29 09:15:00
3.0,3460.0,3.0,1.0,0.0,3.0,45.0,25.0,2020-04-29 09:15:00
3.0,3461.0,2.0,0.0,0.0,2.0,10.0,13.0,2020-04-29 09:15:00
3.0,3462.0,1.0,0.0,0.0,1.0,6.0,7.0,2020-04-29 09:15:00
4.0,4011.0,10.0,10.0,7.0,9.0,89.0,111.0,2020-04-29 09:15:00
4.0,4012.0,1.0,4.0,3.0,1.0,8.0,38.0,2020-04-29 09:15:00
5.0,5111.0,12.0,18.0,18.0,11.0,87.0,227.0,2020-04-29 09:15:00
5.0,5112.0,13.0,15.0,9.0,9.0,81.0,193.0,2020-04-29 09:15:00
5.0,5113.0,15.0,27.0,25.0,14.0,104.0,259.0,2020-04-29 09:15:00
5.0,5114.0,4.0,13.0,8.0,4.0,22.0,71.0,2020-04-29 09:15:00
5.0,5116.0,5.0,10.0,6.0,4.0,38.0,84.0,2020-04-29 09:15:00
5.0,5117.0,2.0,6.0,5.0,2.0,18.0,35.0,2020-04-29 09:15:00
5.0,5119.0,5.0,1.0,0.0,4.0,39.0,27.0,2020-04-29 09:15:00
5.0,5120.0,1.0,3.0,2.0,1.0,20.0,16.0,2020-04-29 09:15:00
5.0,5122.0,3.0,7.0,6.0,3.0,35.0,58.0,2020-04-29 09:15:00
5.0,5124.0,5.0,11.0,8.0,5.0,108.0,107.0,2020-04-29 09:15:00
5.0,5154.0,5.0,6.0,5.0,5.0,32.0,46.0,2020-04-29 09:15:00
5.0,5158.0,6.0,8.0,7.0,6.0,50.0,40.0,2020-04-29 09:15:00
5.0,5162.0,7.0,11.0,9.0,6.0,42.0,81.0,2020-04-29 09:15:00
5.0,5166.0,4.0,5.0,5.0,4.0,23.0,37.0,2020-04-29 09:15:00
5.0,5170.0,8.0,10.0,5.0,8.0,66.0,94.0,2020-04-29 09:15:00
5.0,5314.0,15.0,19.0,14.0,11.0,74.0,215.0,2020-04-29 09:15:00
5.0,5315.0,26.0,44.0,33.0,18.0,97.0,347.0,2020-04-29 09:15:00
5.0,5316.0,3.0,3.0,3.0,2.0,34.0,50.0,2020-04-29 09:15:00
5.0,5334.0,8.0,34.0,28.0,7.0,149.0,172.0,2020-04-29 09:15:00
5.0,5358.0,6.0,7.0,3.0,5.0,29.0,59.0,2020-04-29 09:15:00
5.0,5362.0,7.0,8.0,5.0,7.0,36.0,50.0,2020-04-29 09:15:00
5.0,5366.0,3.0,3.0,3.0,3.0,10.0,39.0,2020-04-29 09:15:00
5.0,5370.0,3.0,9.0,4.0,3.0,2.0,20.0,2020-04-29 09:15:00
5.0,5374.0,7.0,2.0,3.0,7.0,50.0,51.0,2020-04-29 09:15:00
5.0,5378.0,4.0,5.0,2.0,4.0,16.0,40.0,2020-04-29 09:15:00
5.0,5382.0,6.0,4.0,3.0,6.0,28.0,68.0,2020-04-29 09:15:00
5.0,5512.0,2.0,2.0,1.0,2.0,40.0,29.0,2020-04-29 09:15:00
5.0,5513.0,5.0,7.0,4.0,4.0,78.0,39.0,2020-04-29 09:15:00
5.0,5515.0,8.0,12.0,11.0,7.0,75.0,186.0,2020-04-29 09:15:00
5.0,5554.0,5.0,9.0,4.0,5.0,35.0,47.0,2020-04-29 09:15:00
5.0,5558.0,3.0,1.0,1.0,3.0,32.0,12.0,2020-04-29 09:15:00
5.0,5562.0,14.0,7.0,1.0,14.0,154.0,166.0,2020-04-29 09:15:00
5.0,5566.0,5.0,19.0,13.0,5.0,38.0,68.0,2020-04-29 09:15:00
5.0,5570.0,5.0,2.0,2.0,5.0,27.0,35.0,2020-04-29 09:15:00
5.0,5711.0,5.0,5.0,5.0,4.0,54.0,112.0,2020-04-29 09:15:00
5.0,5754.0,3.0,1.0,1.0,3.0,28.0,26.0,2020-04-29 09:15:00
5.0,5758.0,4.0,3.0,3.0,3.0,33.0,41.0,2020-04-29 09:15:00
5.0,5762.0,5.0,5.0,4.0,5.0,20.0,24.0,2020-04-29 09:15:00
5.0,5766.0,2.0,7.0,4.0,2.0,30.0,52.0,2020-04-29 09:15:00
5.0,5770.0,6.0,11.0,3.0,6.0,48.0,101.0,2020-04-29 09:15:00
5.0,5774.0,5.0,5.0,3.0,4.0,46.0,86.0,2020-04-29 09:15:00
5.0,5911.0,7.0,13.0,7.0,5.0,86.0,161.0,2020-04-29 09:15:00
5.0,5913.0,9.0,11.0,9.0,9.0,90.0,220.0,2020-04-29 09:15:00
5.0,5914.0,5.0,9.0,2.0,5.0,37.0,40.0,2020-04-29 09:15:00
5.0,5915.0,6.0,6.0,5.0,5.0,39.0,55.0,2020-04-29 09:15:00
5.0,5916.0,4.0,6.0,3.0,4.0,24.0,48.0,2020-04-29 09:15:00
5.0,5954.0,6.0,4.0,3.0,6.0,50.0,57.0,2020-04-29 09:15:00
5.0,5958.0,9.0,5.0,5.0,9.0,66.0,60.0,2020-04-29 09:15:00
5.0,5962.0,8.0,18.0,8.0,8.0,52.0,87.0,2020-04-29 09:15:00
5.0,5966.0,3.0,9.0,9.0,3.0,23.0,24.0,2020-04-29 09:15:00
5.0,5970.0,6.0,4.0,4.0,6.0,48.0,93.0,2020-04-29 09:15:00
5.0,5974.0,7.0,1.0,1.0,7.0,38.0,57.0,2020-04-29 09:15:00
5.0,5978.0,8.0,3.0,3.0,8.0,74.0,80.0,2020-04-29 09:15:00
6.0,6411.0,6.0,12.0,5.0,4.0,26.0,59.0,2020-04-29 09:15:00
6.0,6412.0,16.0,48.0,40.0,12.0,121.0,246.0,2020-04-29 09:15:00
6.0,6413.0,2.0,7.0,5.0,2.0,44.0,70.0,2020-04-29 09:15:00
6.0,6414.0,5.0,7.0,5.0,4.0,69.0,83.0,2020-04-29 09:15:00
6.0,6431.0,5.0,5.0,2.0,5.0,19.0,30.0,2020-04-29 09:15:00
6.0,6432.0,2.0,10.0,6.0,2.0,3.0,25.0,2020-04-29 09:15:00
6.0,6433.0,2.0,5.0,4.0,2.0,21.0,15.0,2020-04-29 09:15:00
6.0,6434.0,3.0,1.0,1.0,3.0,9.0,21.0,2020-04-29 09:15:00
6.0,6435.0,4.0,16.0,10.0,4.0,27.0,63.0,2020-04-29 09:15:00
6.0,6436.0,2.0,11.0,5.0,2.0,50.0,27.0,2020-04-29 09:15:00
6.0,6437.0,2.0,9.0,9.0,2.0,25.0,126.0,2020-04-29 09:15:00
6.0,6438.0,2.0,12.0,12.0,2.0,22.0,35.0,2020-04-29 09:15:00
6.0,6439.0,2.0,1.0,1.0,2.0,14.0,8.0,2020-04-29 09:15:00
6.0,6440.0,5.0,7.0,4.0,5.0,60.0,81.0,2020-04-29 09:15:00
6.0,6531.0,4.0,14.0,13.0,4.0,54.0,208.0,2020-04-29 09:15:00
6.0,6532.0,2.0,3.0,3.0,2.0,24.0,36.0,2020-04-29 09:15:00
6.0,6533.0,3.0,3.0,2.0,3.0,29.0,37.0,2020-04-29 09:15:00
6.0,6534.0,4.0,7.0,6.0,3.0,62.0,125.0,2020-04-29 09:15:00
6.0,6535.0,4.0,2.0,1.0,4.0,19.0,20.0,2020-04-29 09:15:00
6.0,6611.0,6.0,12.0,8.0,6.0,70.0,114.0,2020-04-29 09:15:00
6.0,6631.0,4.0,8.0,8.0,4.0,23.0,64.0,2020-04-29 09:15:00
6.0,6632.0,3.0,2.0,1.0,3.0,32.0,39.0,2020-04-29 09:15:00
6.0,6633.0,3.0,1.0,1.0,3.0,12.0,17.0,2020-04-29 09:15:00
6.0,6634.0,3.0,2.0,0.0,3.0,27.0,23.0,2020-04-29 09:15:00
6.0,6635.0,7.0,0.0,0.0,7.0,54.0,72.0,2020-04-29 09:15:00
6.0,6636.0,2.0,2.0,2.0,2.0,23.0,16.0,2020-04-29 09:15:00
7.0,7111.0,5.0,8.0,6.0,4.0,44.0,59.0,2020-04-29 09:15:00
7.0,7131.0,2.0,1.0,0.0,2.0,14.0,14.0,2020-04-29 09:15:00
7.0,7132.0,2.0,3.0,3.0,2.0,11.0,10.0,2020-04-29 09:15:00
7.0,7133.0,4.0,0.0,0.0,4.0,28.0,20.0,2020-04-29 09:15:00
7.0,7134.0,2.0,0.0,0.0,2.0,16.0,11.0,2020-04-29 09:15:00
7.0,7135.0,2.0,0.0,0.0,2.0,14.0,2.0,2020-04-29 09:15:00
7.0,7137.0,4.0,1.0,0.0,4.0,32.0,12.0,2020-04-29 09:15:00
7.0,7138.0,5.0,1.0,1.0,5.0,39.0,36.0,2020-04-29 09:15:00
7.0,7140.0,2.0,0.0,0.0,2.0,6.0,9.0,2020-04-29 09:15:00
7.0,7141.0,5.0,4.0,2.0,5.0,19.0,27.0,2020-04-29 09:15:00
7.0,7143.0,4.0,2.0,0.0,4.0,20.0,19.0,2020-04-29 09:15:00
7.0,7211.0,4.0,1.0,1.0,3.0,57.0,70.0,2020-04-29 09:15:00
7.0,7231.0,2.0,2.0,2.0,2.0,9.0,16.0,2020-04-29 09:15:00
7.0,7232.0,2.0,0.0,0.0,2.0,5.0,15.0,2020-04-29 09:15:00
7.0,7233.0,2.0,5.0,5.0,2.0,14.0,5.0,2020-04-29 09:15:00
7.0,7235.0,2.0,0.0,0.0,2.0,13.0,5.0,2020-04-29 09:15:00
7.0,7311.0,1.0,3.0,1.0,1.0,6.0,16.0,2020-04-29 09:15:00
7.0,7312.0,1.0,9.0,4.0,1.0,58.0,93.0,2020-04-29 09:15:00
7.0,7313.0,2.0,6.0,1.0,2.0,13.0,9.0,2020-04-29 09:15:00
7.0,7314.0,4.0,6.0,4.0,4.0,51.0,72.0,2020-04-29 09:15:00
7.0,7315.0,2.0,8.0,3.0,2.0,45.0,100.0,2020-04-29 09:15:00
7.0,7316.0,1.0,0.0,0.0,1.0,9.0,12.0,2020-04-29 09:15:00
7.0,7317.0,1.0,0.0,0.0,1.0,10.0,6.0,2020-04-29 09:15:00
7.0,7318.0,3.0,5.0,5.0,2.0,8.0,24.0,2020-04-29 09:15:00
7.0,7319.0,1.0,1.0,0.0,1.0,2.0,28.0,2020-04-29 09:15:00
7.0,7320.0,1.0,1.0,1.0,1.0,10.0,5.0,2020-04-29 09:15:00
7.0,7331.0,1.0,2.0,0.0,1.0,3.0,4.0,2020-04-29 09:15:00
7.0,7332.0,2.0,4.0,3.0,2.0,6.0,9.0,2020-04-29 09:15:00
7.0,7333.0,2.0,0.0,0.0,2.0,6.0,6.0,2020-04-29 09:15:00
7.0,7334.0,2.0,1.0,1.0,2.0,19.0,10.0,2020-04-29 09:15:00
7.0,7335.0,1.0,0.0,0.0,1.0,8.0,8.0,2020-04-29 09:15:00
7.0,7336.0,1.0,0.0,0.0,1.0,5.0,11.0,2020-04-29 09:15:00
7.0,7337.0,2.0,0.0,0.0,2.0,9.0,8.0,2020-04-29 09:15:00
7.0,7339.0,2.0,10.0,10.0,2.0,13.0,14.0,2020-04-29 09:15:00
7.0,7340.0,1.0,0.0,0.0,1.0,9.0,0.0,2020-04-29 09:15:00
8.0,8111.0,11.0,24.0,16.0,10.0,238.0,289.0,2020-04-29 09:15:00
8.0,8115.0,4.0,9.0,9.0,4.0,21.0,42.0,2020-04-29 09:15:00
8.0,8116.0,6.0,22.0,17.0,4.0,33.0,66.0,2020-04-29 09:15:00
8.0,8117.0,4.0,4.0,4.0,3.0,40.0,38.0,2020-04-29 09:15:00
8.0,8118.0,5.0,31.0,22.0,4.0,142.0,103.0,2020-04-29 09:15:00
8.0,8119.0,2.0,7.0,3.0,2.0,64.0,44.0,2020-04-29 09:15:00
8.0,8121.0,1.0,19.0,12.0,1.0,68.0,41.0,2020-04-29 09:15:00
8.0,8125.0,2.0,9.0,4.0,2.0,20.0,39.0,2020-04-29 09:15:00
8.0,8126.0,1.0,5.0,4.0,1.0,3.0,8.0,2020-04-29 09:15:00
8.0,8127.0,2.0,9.0,5.0,2.0,8.0,20.0,2020-04-29 09:15:00
8.0,8128.0,3.0,8.0,8.0,3.0,34.0,34.0,2020-04-29 09:15:00
8.0,8135.0,1.0,4.0,4.0,1.0,9.0,16.0,2020-04-29 09:15:00
8.0,8136.0,3.0,8.0,6.0,3.0,21.0,29.0,2020-04-29 09:15:00
8.0,8211.0,2.0,9.0,7.0,1.0,9.0,16.0,2020-04-29 09:15:00
8.0,8212.0,4.0,9.0,6.0,4.0,56.0,122.0,2020-04-29 09:15:00
8.0,8215.0,3.0,7.0,3.0,3.0,36.0,20.0,2020-04-29 09:15:00
8.0,8216.0,2.0,0.0,0.0,2.0,3.0,12.0,2020-04-29 09:15:00
8.0,8221.0,6.0,23.0,13.0,6.0,135.0,249.0,2020-04-29 09:15:00
8.0,8222.0,5.0,19.0,11.0,3.0,30.0,115.0,2020-04-29 09:15:00
8.0,8225.0,3.0,2.0,2.0,3.0,13.0,9.0,2020-04-29 09:15:00
8.0,8226.0,4.0,4.0,3.0,4.0,10.0,34.0,2020-04-29 09:15:00
8.0,8231.0,2.0,4.0,3.0,2.0,41.0,52.0,2020-04-29 09:15:00
8.0,8235.0,2.0,5.0,4.0,2.0,10.0,12.0,2020-04-29 09:15:00
8.0,8236.0,2.0,0.0,0.0,2.0,18.0,12.0,2020-04-29 09:15:00
8.0,8237.0,1.0,3.0,3.0,1.0,8.0,10.0,2020-04-29 09:15:00
8.0,8311.0,3.0,5.0,4.0,3.0,11.0,25.0,2020-04-29 09:15:00
8.0,8315.0,4.0,4.0,1.0,4.0,51.0,70.0,2020-04-29 09:15:00
8.0,8316.0,3.0,5.0,4.0,3.0,5.0,30.0,2020-04-29 09:15:00
8.0,8317.0,6.0,8.0,7.0,6.0,136.0,48.0,2020-04-29 09:15:00
8.0,8325.0,2.0,7.0,4.0,2.0,4.0,9.0,2020-04-29 09:15:00
8.0,8326.0,3.0,10.0,9.0,1.0,24.0,52.0,2020-04-29 09:15:00
8.0,8327.0,1.0,3.0,3.0,1.0,11.0,9.0,2020-04-29 09:15:00
8.0,8335.0,6.0,9.0,5.0,5.0,42.0,58.0,2020-04-29 09:15:00
8.0,8336.0,1.0,6.0,5.0,1.0,6.0,19.0,2020-04-29 09:15:00
8.0,8337.0,2.0,3.0,3.0,2.0,29.0,15.0,2020-04-29 09:15:00
8.0,8415.0,1.0,6.0,6.0,1.0,13.0,29.0,2020-04-29 09:15:00
8.0,8416.0,3.0,23.0,21.0,2.0,13.0,84.0,2020-04-29 09:15:00
8.0,8417.0,1.0,10.0,8.0,1.0,6.0,19.0,2020-04-29 09:15:00
8.0,8421.0,3.0,10.0,3.0,3.0,71.0,85.0,2020-04-29 09:15:00
8.0,8425.0,2.0,4.0,2.0,2.0,20.0,10.0,2020-04-29 09:15:00
8.0,8426.0,1.0,6.0,5.0,1.0,9.0,18.0,2020-04-29 09:15:00
8.0,8435.0,3.0,7.0,1.0,3.0,41.0,28.0,2020-04-29 09:15:00
8.0,8436.0,5.0,8.0,7.0,4.0,20.0,48.0,2020-04-29 09:15:00
8.0,8437.0,1.0,5.0,4.0,1.0,13.0,9.0,2020-04-29 09:15:00
9.0,9161.0,2.0,0.0,0.0,1.0,11.0,47.0,2020-04-29 09:15:00
9.0,9162.0,25.0,140.0,102.0,23.0,272.0,558.0,2020-04-29 09:15:00
9.0,9163.0,1.0,9.0,5.0,1.0,39.0,24.0,2020-04-29 09:15:00
9.0,9171.0,3.0,0.0,0.0,2.0,14.0,26.0,2020-04-29 09:15:00
9.0,9172.0,3.0,6.0,6.0,3.0,5.0,17.0,2020-04-29 09:15:00
9.0,9173.0,2.0,5.0,3.0,2.0,7.0,21.0,2020-04-29 09:15:00
9.0,9174.0,1.0,7.0,7.0,1.0,41.0,27.0,2020-04-29 09:15:00
9.0,9175.0,1.0,3.0,3.0,1.0,11.0,9.0,2020-04-29 09:15:00
9.0,9176.0,3.0,3.0,2.0,3.0,22.0,40.0,2020-04-29 09:15:00
9.0,9177.0,1.0,5.0,5.0,1.0,12.0,16.0,2020-04-29 09:15:00
9.0,9178.0,1.0,9.0,4.0,1.0,4.0,20.0,2020-04-29 09:15:00
9.0,9179.0,1.0,2.0,1.0,1.0,4.0,11.0,2020-04-29 09:15:00
9.0,9180.0,2.0,3.0,1.0,2.0,65.0,52.0,2020-04-29 09:15:00
9.0,9182.0,1.0,3.0,3.0,1.0,14.0,16.0,2020-04-29 09:15:00
9.0,9183.0,1.0,7.0,7.0,1.0,11.0,9.0,2020-04-29 09:15:00
9.0,9184.0,2.0,0.0,0.0,2.0,12.0,6.0,2020-04-29 09:15:00
9.0,9185.0,3.0,2.0,2.0,2.0,18.0,10.0,2020-04-29 09:15:00
9.0,9186.0,1.0,0.0,0.0,1.0,9.0,4.0,2020-04-29 09:15:00
9.0,9187.0,5.0,30.0,22.0,5.0,19.0,58.0,2020-04-29 09:15:00
9.0,9188.0,5.0,8.0,6.0,5.0,42.0,49.0,2020-04-29 09:15:00
9.0,9189.0,3.0,12.0,9.0,2.0,15.0,46.0,2020-04-29 09:15:00
9.0,9190.0,3.0,1.0,1.0,3.0,19.0,25.0,2020-04-29 09:15:00
9.0,9261.0,3.0,10.0,3.0,3.0,28.0,46.0,2020-04-29 09:15:00
9.0,9262.0,3.0,4.0,1.0,2.0,31.0,21.0,2020-04-29 09:15:00
9.0,9263.0,1.0,2.0,1.0,1.0,24.0,17.0,2020-04-29 09:15:00
9.0,9271.0,2.0,11.0,5.0,2.0,8.0,27.0,2020-04-29 09:15:00
9.0,9272.0,2.0,1.0,0.0,2.0,13.0,10.0,2020-04-29 09:15:00
9.0,9273.0,3.0,3.0,1.0,3.0,17.0,9.0,2020-04-29 09:15:00
9.0,9274.0,1.0,2.0,2.0,1.0,4.0,6.0,2020-04-29 09:15:00
9.0,9275.0,2.0,5.0,5.0,2.0,12.0,19.0,2020-04-29 09:15:00
9.0,9276.0,2.0,3.0,1.0,2.0,11.0,14.0,2020-04-29 09:15:00
9.0,9277.0,2.0,10.0,10.0,2.0,18.0,19.0,2020-04-29 09:15:00
9.0,9278.0,2.0,10.0,4.0,2.0,23.0,12.0,2020-04-29 09:15:00
9.0,9279.0,2.0,2.0,2.0,2.0,8.0,9.0,2020-04-29 09:15:00
9.0,9361.0,1.0,4.0,3.0,1.0,19.0,15.0,2020-04-29 09:15:00
9.0,9362.0,4.0,52.0,39.0,4.0,88.0,262.0,2020-04-29 09:15:00
9.0,9363.0,1.0,20.0,11.0,1.0,17.0,64.0,2020-04-29 09:15:00
9.0,9371.0,1.0,2.0,2.0,1.0,9.0,5.0,2020-04-29 09:15:00
9.0,9372.0,1.0,1.0,1.0,1.0,9.0,8.0,2020-04-29 09:15:00
9.0,9373.0,1.0,4.0,4.0,1.0,15.0,20.0,2020-04-29 09:15:00
9.0,9375.0,2.0,3.0,3.0,2.0,2.0,12.0,2020-04-29 09:15:00
9.0,9376.0,3.0,9.0,9.0,3.0,16.0,22.0,2020-04-29 09:15:00
9.0,9461.0,4.0,5.0,4.0,1.0,37.0,25.0,2020-04-29 09:15:00
9.0,9462.0,5.0,8.0,8.0,2.0,14.0,52.0,2020-04-29 09:15:00
9.0,9463.0,1.0,6.0,1.0,1.0,13.0,23.0,2020-04-29 09:15:00
9.0,9464.0,1.0,0.0,0.0,1.0,21.0,21.0,2020-04-29 09:15:00
9.0,9471.0,2.0,3.0,2.0,2.0,11.0,7.0,2020-04-29 09:15:00
9.0,9472.0,1.0,1.0,1.0,1.0,6.0,4.0,2020-04-29 09:15:00
9.0,9474.0,2.0,1.0,1.0,2.0,10.0,15.0,2020-04-29 09:15:00
9.0,9475.0,2.0,4.0,4.0,2.0,8.0,9.0,2020-04-29 09:15:00
9.0,9476.0,1.0,1.0,1.0,1.0,4.0,13.0,2020-04-29 09:15:00
9.0,9477.0,1.0,6.0,5.0,1.0,6.0,32.0,2020-04-29 09:15:00
9.0,9478.0,2.0,6.0,2.0,2.0,13.0,16.0,2020-04-29 09:15:00
9.0,9479.0,2.0,4.0,4.0,2.0,18.0,7.0,2020-04-29 09:15:00
9.0,9561.0,2.0,2.0,2.0,2.0,17.0,14.0,2020-04-29 09:15:00
9.0,9562.0,3.0,12.0,10.0,3.0,53.0,123.0,2020-04-29 09:15:00
9.0,9563.0,2.0,5.0,5.0,2.0,31.0,21.0,2020-04-29 09:15:00
9.0,9564.0,8.0,23.0,13.0,6.0,98.0,150.0,2020-04-29 09:15:00
9.0,9571.0,3.0,6.0,4.0,3.0,18.0,16.0,2020-04-29 09:15:00
9.0,9572.0,1.0,0.0,0.0,1.0,0.0,6.0,2020-04-29 09:15:00
9.0,9574.0,3.0,4.0,3.0,3.0,9.0,16.0,2020-04-29 09:15:00
9.0,9575.0,3.0,1.0,1.0,2.0,34.0,45.0,2020-04-29 09:15:00
9.0,9576.0,1.0,1.0,0.0,1.0,5.0,7.0,2020-04-29 09:15:00
9.0,9577.0,2.0,2.0,2.0,2.0,6.0,10.0,2020-04-29 09:15:00
9.0,9661.0,2.0,14.0,11.0,1.0,7.0,59.0,2020-04-29 09:15:00
9.0,9662.0,2.0,13.0,12.0,2.0,2.0,46.0,2020-04-29 09:15:00
9.0,9663.0,3.0,15.0,12.0,3.0,59.0,94.0,2020-04-29 09:15:00
9.0,9671.0,1.0,3.0,0.0,1.0,5.0,5.0,2020-04-29 09:15:00
9.0,9672.0,4.0,6.0,3.0,4.0,18.0,44.0,2020-04-29 09:15:00
9.0,9673.0,1.0,16.0,9.0,1.0,35.0,129.0,2020-04-29 09:15:00
9.0,9674.0,2.0,2.0,2.0,2.0,8.0,8.0,2020-04-29 09:15:00
9.0,9675.0,1.0,1.0,1.0,1.0,7.0,5.0,2020-04-29 09:15:00
9.0,9676.0,1.0,0.0,0.0,1.0,6.0,8.0,2020-04-29 09:15:00
9.0,9677.0,1.0,3.0,0.0,1.0,1.0,7.0,2020-04-29 09:15:00
9.0,9678.0,2.0,0.0,0.0,2.0,6.0,2.0,2020-04-29 09:15:00
9.0,9679.0,1.0,2.0,2.0,1.0,4.0,8.0,2020-04-29 09:15:00
9.0,9761.0,4.0,6.0,4.0,3.0,47.0,112.0,2020-04-29 09:15:00
9.0,9762.0,1.0,2.0,2.0,1.0,11.0,20.0,2020-04-29 09:15:00
9.0,9763.0,1.0,1.0,1.0,1.0,3.0,21.0,2020-04-29 09:15:00
9.0,9764.0,1.0,0.0,0.0,1.0,10.0,21.0,2020-04-29 09:15:00
9.0,9771.0,2.0,4.0,4.0,2.0,10.0,16.0,2020-04-29 09:15:00
9.0,9772.0,2.0,0.0,0.0,2.0,6.0,7.0,2020-04-29 09:15:00
9.0,9773.0,2.0,3.0,3.0,2.0,3.0,21.0,2020-04-29 09:15:00
9.0,9774.0,4.0,1.0,1.0,4.0,21.0,46.0,2020-04-29 09:15:00
9.0,9775.0,2.0,2.0,1.0,2.0,6.0,14.0,2020-04-29 09:15:00
9.0,9776.0,2.0,1.0,1.0,2.0,9.0,9.0,2020-04-29 09:15:00
9.0,9777.0,2.0,3.0,3.0,2.0,10.0,11.0,2020-04-29 09:15:00
9.0,9778.0,2.0,2.0,2.0,2.0,9.0,14.0,2020-04-29 09:15:00
9.0,9779.0,3.0,2.0,2.0,3.0,8.0,23.0,2020-04-29 09:15:00
9.0,9780.0,1.0,3.0,2.0,1.0,24.0,12.0,2020-04-29 09:15:00
10.0,10041.0,7.0,16.0,10.0,7.0,148.0,125.0,2020-04-29 09:15:00
10.0,10042.0,2.0,1.0,1.0,2.0,18.0,6.0,2020-04-29 09:15:00
10.0,10043.0,3.0,2.0,1.0,3.0,23.0,21.0,2020-04-29 09:15:00
10.0,10044.0,4.0,4.0,3.0,3.0,25.0,43.0,2020-04-29 09:15:00
10.0,10045.0,11.0,26.0,14.0,2.0,127.0,144.0,2020-04-29 09:15:00
10.0,10046.0,1.0,0.0,0.0,1.0,6.0,10.0,2020-04-29 09:15:00
11.0,11000.0,60.0,131.0,105.0,42.0,473.0,1052.0,2020-04-29 09:15:00
12.0,12051.0,3.0,4.0,1.0,3.0,26.0,59.0,2020-04-29 09:15:00
12.0,12052.0,2.0,0.0,0.0,2.0,48.0,53.0,2020-04-29 09:15:00
12.0,12053.0,1.0,0.0,0.0,1.0,6.0,9.0,2020-04-29 09:15:00
12.0,12054.0,4.0,6.0,4.0,4.0,38.0,36.0,2020-04-29 09:15:00
12.0,12060.0,2.0,11.0,4.0,2.0,51.0,61.0,2020-04-29 09:15:00
12.0,12061.0,5.0,0.0,0.0,5.0,17.0,54.0,2020-04-29 09:15:00
12.0,12062.0,3.0,0.0,0.0,3.0,26.0,19.0,2020-04-29 09:15:00
12.0,12063.0,2.0,2.0,2.0,2.0,14.0,12.0,2020-04-29 09:15:00
12.0,12064.0,3.0,3.0,2.0,3.0,26.0,19.0,2020-04-29 09:15:00
12.0,12065.0,5.0,1.0,1.0,5.0,37.0,22.0,2020-04-29 09:15:00
12.0,12066.0,1.0,2.0,1.0,1.0,13.0,27.0,2020-04-29 09:15:00
12.0,12067.0,4.0,3.0,3.0,4.0,45.0,69.0,2020-04-29 09:15:00
12.0,12068.0,3.0,5.0,0.0,3.0,21.0,20.0,2020-04-29 09:15:00
12.0,12069.0,3.0,1.0,0.0,3.0,43.0,58.0,2020-04-29 09:15:00
12.0,12070.0,2.0,0.0,0.0,2.0,17.0,8.0,2020-04-29 09:15:00
12.0,12071.0,3.0,0.0,0.0,3.0,16.0,14.0,2020-04-29 09:15:00
12.0,12072.0,2.0,0.0,0.0,2.0,12.0,10.0,2020-04-29 09:15:00
12.0,12073.0,4.0,1.0,1.0,4.0,16.0,25.0,2020-04-29 09:15:00
13.0,13003.0,2.0,0.0,0.0,2.0,37.0,82.0,2020-04-29 09:15:00
13.0,13004.0,1.0,1.0,1.0,1.0,19.0,45.0,2020-04-29 09:15:00
13.0,13071.0,5.0,3.0,2.0,5.0,22.0,56.0,2020-04-29 09:15:00
13.0,13072.0,5.0,0.0,0.0,4.0,31.0,33.0,2020-04-29 09:15:00
13.0,13073.0,4.0,0.0,0.0,4.0,23.0,46.0,2020-04-29 09:15:00
13.0,13074.0,2.0,0.0,0.0,2.0,19.0,9.0,2020-04-29 09:15:00
13.0,13075.0,7.0,2.0,2.0,7.0,74.0,159.0,2020-04-29 09:15:00
13.0,13076.0,6.0,0.0,0.0,6.0,41.0,113.0,2020-04-29 09:15:00
14.0,14511.0,3.0,7.0,3.0,3.0,43.0,135.0,2020-04-29 09:15:00
14.0,14521.0,6.0,8.0,7.0,6.0,40.0,50.0,2020-04-29 09:15:00
14.0,14522.0,5.0,2.0,2.0,5.0,33.0,36.0,2020-04-29 09:15:00
14.0,14523.0,3.0,2.0,2.0,3.0,28.0,44.0,2020-04-29 09:15:00
14.0,14524.0,5.0,11.0,9.0,5.0,36.0,84.0,2020-04-29 09:15:00
14.0,14612.0,10.0,8.0,5.0,6.0,60.0,181.0,2020-04-29 09:15:00
14.0,14625.0,6.0,0.0,0.0,5.0,27.0,37.0,2020-04-29 09:15:00
14.0,14626.0,5.0,1.0,1.0,5.0,20.0,39.0,2020-04-29 09:15:00
14.0,14627.0,5.0,4.0,4.0,5.0,52.0,42.0,2020-04-29 09:15:00
14.0,14628.0,5.0,27.0,12.0,5.0,39.0,71.0,2020-04-29 09:15:00
14.0,14713.0,8.0,5.0,2.0,7.0,163.0,264.0,2020-04-29 09:15:00
14.0,14729.0,3.0,0.0,0.0,3.0,20.0,36.0,2020-04-29 09:15:00
14.0,14730.0,8.0,0.0,0.0,8.0,30.0,48.0,2020-04-29 09:15:00
15.0,15001.0,2.0,1.0,1.0,2.0,32.0,28.0,2020-04-29 09:15:00
15.0,15002.0,6.0,9.0,6.0,5.0,90.0,223.0,2020-04-29 09:15:00
15.0,15003.0,7.0,3.0,2.0,5.0,61.0,201.0,2020-04-29 09:15:00
15.0,15081.0,2.0,0.0,0.0,2.0,11.0,11.0,2020-04-29 09:15:00
15.0,15082.0,3.0,0.0,0.0,3.0,33.0,33.0,2020-04-29 09:15:00
15.0,15083.0,2.0,4.0,0.0,2.0,21.0,18.0,2020-04-29 09:15:00
15.0,15084.0,3.0,1.0,1.0,3.0,32.0,27.0,2020-04-29 09:15:00
15.0,15085.0,4.0,3.0,2.0,4.0,28.0,29.0,2020-04-29 09:15:00
15.0,15086.0,2.0,1.0,1.0,2.0,13.0,20.0,2020-04-29 09:15:00
15.0,15087.0,3.0,0.0,0.0,3.0,23.0,14.0,2020-04-29 09:15:00
15.0,15088.0,2.0,1.0,0.0,2.0,11.0,16.0,2020-04-29 09:15:00
15.0,15089.0,4.0,0.0,0.0,4.0,28.0,47.0,2020-04-29 09:15:00
15.0,15090.0,2.0,0.0,0.0,2.0,24.0,24.0,2020-04-29 09:15:00
15.0,15091.0,2.0,2.0,1.0,2.0,42.0,21.0,2020-04-29 09:15:00
16.0,16051.0,2.0,2.0,2.0,2.0,31.0,65.0,2020-04-29 09:15:00
16.0,16052.0,1.0,5.0,3.0,1.0,7.0,39.0,2020-04-29 09:15:00
16.0,16053.0,2.0,5.0,3.0,1.0,19.0,98.0,2020-04-29 09:15:00
16.0,16054.0,1.0,1.0,1.0,1.0,22.0,12.0,2020-04-29 09:15:00
16.0,16055.0,1.0,0.0,0.0,1.0,8.0,8.0,2020-04-29 09:15:00
16.0,16056.0,1.0,2.0,2.0,1.0,21.0,23.0,2020-04-29 09:15:00
16.0,16061.0,3.0,3.0,3.0,3.0,11.0,19.0,2020-04-29 09:15:00
16.0,16062.0,3.0,9.0,9.0,3.0,41.0,43.0,2020-04-29 09:15:00
16.0,16063.0,3.0,1.0,1.0,3.0,17.0,70.0,2020-04-29 09:15:00
16.0,16064.0,3.0,7.0,3.0,3.0,71.0,33.0,2020-04-29 09:15:00
16.0,16065.0,1.0,0.0,0.0,1.0,12.0,3.0,2020-04-29 09:15:00
16.0,16066.0,2.0,5.0,2.0,2.0,14.0,34.0,2020-04-29 09:15:00
16.0,16067.0,2.0,0.0,0.0,2.0,33.0,17.0,2020-04-29 09:15:00
16.0,16068.0,1.0,0.0,0.0,1.0,9.0,5.0,2020-04-29 09:15:00
16.0,16069.0,1.0,0.0,0.0,1.0,6.0,2.0,2020-04-29 09:15:00
16.0,16070.0,2.0,0.0,0.0,2.0,7.0,9.0,2020-04-29 09:15:00
16.0,16071.0,3.0,7.0,5.0,3.0,48.0,78.0,2020-04-29 09:15:00
16.0,16072.0,1.0,1.0,1.0,1.0,1.0,7.0,2020-04-29 09:15:00
16.0,16073.0,1.0,1.0,1.0,1.0,18.0,9.0,2020-04-29 09:15:00
16.0,16074.0,1.0,0.0,0.0,1.0,8.0,8.0,2020-04-29 09:15:00
16.0,16075.0,1.0,1.0,1.0,1.0,3.0,3.0,2020-04-29 09:15:00
16.0,16076.0,1.0,7.0,6.0,1.0,5.0,12.0,2020-04-29 09:15:00
16.0,16077.0,2.0,1.0,0.0,1.0,25.0,35.0,2020-04-29 09:15:00
